GRASPConstructive_Criterion1_Seed_13_SolCount_100_LSforPareto_LS_Swap_10%_10%;1
GRASPConstructive_Criterion1_Seed_13_SolCount_100_LSforPareto_LS_Swap_20%_20%;2
GRASPConstructive_Criterion1_Seed_13_SolCount_100_LSforPareto_LS_Swap_30%_30%;3
GRASPConstructive_Criterion1_Seed_13_SolCount_100_LSforPareto_LS_Swap_40%_40%;4
GRASPConstructive_Criterion1_Seed_13_SolCount_100_LSforPareto_LS_Swap_50%_50%;5
GRASPConstructive_Criterion1_Seed_13_SolCount_100_LSforPareto_LS_Swap_60%_60%;6
GRASPConstructive_Criterion1_Seed_13_SolCount_100_LSforPareto_LS_Swap_70%_70%;7
GRASPConstructive_Criterion1_Seed_13_SolCount_100_LSforPareto_LS_Swap_80%_80%;8
GRASPConstructive_Criterion1_Seed_13_SolCount_100_LSforPareto_LS_Swap_90%_90%;9
GRASPConstructive_Criterion1_Seed_13_SolCount_100_LSforPareto_LS_Swap_100%_100%;10

INSTANCE;CV REF-1;HV 1;EPS 1;GD 1;SIZE 1;SPREAD 1;IGD 1;CV REF-2;HV 2;EPS 2;GD 2;SIZE 2;SPREAD 2;IGD 2;CV REF-3;HV 3;EPS 3;GD 3;SIZE 3;SPREAD 3;IGD 3;CV REF-4;HV 4;EPS 4;GD 4;SIZE 4;SPREAD 4;IGD 4;CV REF-5;HV 5;EPS 5;GD 5;SIZE 5;SPREAD 5;IGD 5;CV REF-6;HV 6;EPS 6;GD 6;SIZE 6;SPREAD 6;IGD 6;CV REF-7;HV 7;EPS 7;GD 7;SIZE 7;SPREAD 7;IGD 7;CV REF-8;HV 8;EPS 8;GD 8;SIZE 8;SPREAD 8;IGD 8;CV REF-9;HV 9;EPS 9;GD 9;SIZE 9;SPREAD 9;IGD 9;CV REF-10;HV 10;EPS 10;GD 10;SIZE 10;SPREAD 10;IGD 10
GKD-a_19_n10_m6.txt;0.7142857142857143;0.6710199280571915;0.1222168726261168;962.6032649900868;7;0.9885364441001736;143.67503928440465;0.625;0.6939008509523716;0.1222168726261168;891.6644395612276;8;0.9953490799870603;142.67868243599472;0.6;0.5949157134717576;0.3379699749660594;1146.5646367786053;5;0.9932283191947935;143.67503928440465;0.8888888888888888;0.6941194090358335;0.1222168726261168;845.8062321950232;9;0.9920678453457755;142.67868243599472;0.6;0.6947711708658927;0.040416081364231804;795.7718127229691;10;0.9884996665762925;142.67868243599472;0.3333333333333333;0.6942648463965597;0.1222168726261168;836.887405771391;9;0.9868404707482697;142.67868243599472;0.45454545454545453;0.671352004466681;0.10519087903121971;751.3617777420135;11;0.9915797085013395;143.67503928440465;0.5;0.6858968343992734;0.2596447377714303;1048.2407779064922;6;0.9917537734469473;142.67868243599472;0.9;0.6941582012508821;0.1222168726261168;793.6076713768259;10;0.9905796690894587;142.67870417883276;0.3;0.6944388774705862;0.044231545497487645;802.0674705338249;10;0.9935618792509309;142.67868243599472;
GKD-a_32_n15_m4.txt;0.35294117647058826;0.4033930011804932;0.2562322264937814;212.03284540049142;17;0.9306536318037928;108.32854510172828;0.42857142857142855;0.4529931289521219;0.2562322264937814;236.15285333669775;14;0.9220521060787262;105.05324644078428;0.5;0.41403521766390394;0.2562322264937814;221.32455464748546;16;0.9220721901164494;104.25497632312133;0.5789473684210527;0.41782874951391413;0.2562322264937814;200.74841851796364;19;0.9275240020061577;105.05324644078428;0.7222222222222222;0.4045143670597891;0.16636005723752514;140.83988396969932;36;0.9028768823597016;94.28235916588906;0.5652173913043478;0.470592564950398;0.13857005902867578;180.00586704817428;23;0.9073069296377166;100.76009901461234;0.4782608695652174;0.44145296678457857;0.25077803400985055;180.84204672002187;23;0.9197719301330216;94.69990575451547;0.4;0.4460259962292244;0.16256357191505894;142.61686737235917;35;0.9025109190326014;94.28235916588906;0.7142857142857143;0.40505127735025714;0.31559205832518195;157.3631853144902;28;0.9119893525609553;99.11558983091719;0.25;0.4745305291309645;0.11717916323473179;134.0266262569695;40;0.9034551056047365;94.28235916588906;
GKD-a_47_n15_m12.txt;0.7272727272727273;0.10073072151917314;0.3161112759861563;3970.472646791839;11;0.9995749337665298;279.9593357936022;0.8;0.14672867220538846;0.6495497512708689;3402.784179623147;15;1.0007025539556387;315.20555528805386;1.0;0.13345906173694624;0.6495497512708689;3504.1819145535496;14;1.0003239362503258;299.66172922639475;0.8823529411764706;0.14672903761925143;0.1609665163231939;3194.9189492486403;17;0.9983337754279454;279.9593357936022;0.7916666666666666;0.14846711761578602;1.115100693414861E-5;2680.6285556571625;24;0.9993038192321511;279.9591276672015;0.9411764705882353;0.14846630744925549;0.21007081799212057;3180.707973290413;17;0.998884566035061;282.44859052430206;0.7307692307692307;0.1484678190313318;1.1151006938214802E-5;2580.4864076980566;26;1.0008048644177818;279.9592358929214;0.8695652173913043;0.148467573332852;6.690604162917779E-6;2741.7364743768917;23;0.999943376155633;279.9592358929214;0.8260869565217391;0.1484672264328431;0.015424881261558498;2743.2005686759467;23;0.9999258692898799;279.9592358929214;0.40625;0.148467921803714;4.833992638730855E-6;2324.1218202902833;32;1.00000657543913;279.9592358929214;
GKD-a_52_n30_m6.txt;0.96875;0.186676976650202;0.3639938108354788;515.1409706086107;32;0.9552388402993487;170.26803561791738;0.8048780487804879;0.2679370801200913;0.3059925977779309;470.0013281619062;41;0.9380005072699364;167.89336574229634;0.9298245614035088;0.30096822562955894;0.21541939706659075;394.7813637942113;57;0.9266152120204272;163.73693736844004;0.8703703703703703;0.32708602805838144;0.2278565625617198;279.7208849877378;108;0.9052312941074124;159.6197890709799;0.7355371900826446;0.4210511939768079;0.1708085069411397;268.8825675965928;121;0.9104577799448377;157.23166567627354;0.7555555555555555;0.3798579887704429;0.19246105079763245;309.4900029679967;90;0.903958571920848;155.63823785625968;0.6124031007751938;0.44603093663763194;0.11150862526374616;260.94389260393933;129;0.8946434539099164;154.77871917804032;0.7125748502994012;0.4055403304321982;0.15991058596857144;227.22122771452553;167;0.8836114458447278;157.5097840582808;0.6513157894736842;0.43674027538505544;0.1380851173493789;243.22664773829337;152;0.8831506950268578;151.44404812034603;0.5725190839694656;0.4472380671111109;0.12938550104068194;257.0050415624062;131;0.9037343412570795;152.170272338343;
GKD-a_57_n30_m9.txt;1.0;0.194631001830364;0.4045562960246791;1617.6455992540903;22;0.9841341876922424;203.1673708645501;0.8125;0.44481024315225337;0.34672699426960774;1941.1464454645002;16;0.9910124741254854;203.07441071905075;0.9583333333333334;0.2884393902951336;0.3492259122668967;886.6556598281429;72;0.9668044562359108;180.5204021053127;0.8;0.5156928601553645;0.1793602581823787;1389.6032926777311;30;0.9801342878167364;194.91904768139224;0.87;0.5469028273265715;0.1691541536053125;741.134949685717;100;0.9570649461637784;185.39426336854189;0.9090909090909091;0.559404097410278;0.18333153477619302;1312.170577667604;33;0.9892148294300054;184.6555353170529;0.6637168141592921;0.5062692333230937;0.12980880125633334;714.8389796668374;113;0.971341510426801;181.4600057505879;0.8384615384615385;0.5008886727361999;0.140406302770399;658.5455348865931;130;0.9615520576848916;178.80305844653677;0.6147540983606558;0.5267874216977327;0.16908029487297735;678.3738220484528;122;0.9612757463493362;176.01491940992676;0.6380368098159509;0.558758234915093;0.12980880125633334;583.6521290499949;163;0.9608115023664562;181.02897067153788;
GKD-a_65_n30_m12.txt;0.8666666666666667;0.376434644575077;0.29159277480721096;2305.413122274449;15;0.9880430065558896;174.97310065754414;1.0;0.3304147893856665;0.3449920093930399;2068.23433837514;17;0.9875078400757373;160.55961041325486;0.75;0.4317380344579204;0.27913391620293154;3161.211718065118;8;0.9906654229310409;174.65106410655912;0.7906976744186046;0.4558389304607195;0.2238217931574315;1342.8717745204744;43;0.9794098281960443;157.24493624723013;0.8902439024390244;0.5007565112442567;0.15779938542518973;978.0479472676608;82;0.9767627141027033;141.1292119537468;0.6923076923076923;0.5485027015736201;0.15897294821491137;863.7022993532742;104;0.9682945956230705;115.97225701284994;0.9019607843137255;0.5049102251548424;0.16409606117052072;697.2822445143445;153;0.9532576785408268;123.9408683202378;0.719626168224299;0.5742746079485209;0.12461518172781466;857.6724495085981;107;0.9677015307367887;110.91100286077113;0.4461538461538462;0.604515349287957;0.14079605446942223;778.8370881469501;130;0.9843644254926761;110.91100286077113;0.5;0.5945455094107476;0.1056379510580643;728.8576657540264;148;0.9768875522528413;110.91086663956911;
GKD-a_71_n30_m24.txt;0.8888888888888888;0.25222856381792086;0.34678583680321656;11274.408308837988;9;0.9984352961990015;529.313608580899;0.9696969696969697;0.2890811566599465;0.2726564081698974;5876.335176246725;33;0.9953439134495501;506.61502651846;0.92;0.3284720573999484;0.2225925367430836;6761.6972537916845;25;0.9974475092189246;527.3018401677137;0.7547169811320755;0.39228162897549135;0.1755829475396049;4636.517422260681;53;0.9961463759261011;486.0161970122914;0.7538461538461538;0.4140685718189004;0.1412488006595987;4190.795408166198;65;0.9959178686422163;486.0161970122914;0.6984126984126984;0.38536104556156414;0.1798664491068609;4254.540135318061;63;0.99658331893812;495.51393419729305;0.6326530612244898;0.4248790219545277;0.1328143099233434;3412.1462867608966;98;1.0002648756560448;495.5141816549971;0.65;0.431485605531863;0.1378217206799398;3378.37691720428;100;1.0006637019932842;485.6129087846053;0.6419753086419753;0.43594439908980215;0.11309044315026327;3756.871422008518;81;0.9997132815229138;484.71241344834925;0.5142857142857142;0.43844303572253496;0.13782436154988453;3295.556242828887;105;0.9997522375360831;484.71216636737705;
GKD-a_7_n10_m3.txt;0.125;0.32953185492729054;0.16148427399420429;189.49719541436568;8;0.9484261128713162;106.0863049911276;0.2727272727272727;0.33015400434422787;0.10434149289086611;159.4419870537227;11;0.9516106153272398;106.0863049911276;0.14285714285714285;0.32927183789530956;0.1455371931087175;204.52401527274296;7;0.956598265930298;106.0863049911276;0.3333333333333333;0.27898629324219837;0.18534692224129504;178.27260289499668;9;0.9388202242885364;107.54660527006575;0.16666666666666666;0.3014709058324749;0.18534692224129504;226.1915792177068;6;0.9534205824142219;106.0863049911276;0.3333333333333333;0.3300844879701492;0.12028857377635292;179.09838118836873;9;0.9456481028707915;106.0863049911276;0.5833333333333334;0.27868778594138827;0.18534692224129504;149.15127128020518;12;0.9431014946398518;107.54660527006575;0.3;0.309279647805898;0.16564593316723086;168.3525404005623;10;0.9366890809380146;107.36372764793427;0.3;0.3018769285556426;0.19908060132098587;167.57554251574416;10;0.9560308621007089;106.0863049911276;0.4166666666666667;0.30909337706356976;0.16564593316723086;151.36023896523753;12;0.9430796279254944;107.36372764793427;
GKD-b_13_n50_m5.txt;0.8947368421052632;0.2508899088897106;0.356090103947296;292.4141193372373;19;0.9099397990659328;105.10660119819777;0.8205128205128205;0.35687068018278045;0.294299517771359;211.29645526503052;39;0.9018238492513496;97.97470452662196;0.9807692307692307;0.3004099352457372;0.2998671876567879;172.9180683661897;52;0.8583702864210917;100.34518689615858;0.7777777777777778;0.41940725962255887;0.23722427796422926;223.96370277286834;36;0.9309960014289843;98.20859703792071;0.8977272727272727;0.3811080500192528;0.21523640711942116;135.76588488711047;88;0.8311049238150199;92.80758832810268;0.8058252427184466;0.5255955995654078;0.17809773373821625;121.85264307102108;103;0.8419812907569906;90.51744823406739;0.7272727272727273;0.5020766692244414;0.21523640711942116;111.76248737314275;121;0.8021513469998934;84.96455768893935;0.5454545454545454;0.5804567240736587;0.10003859826042438;140.09164360844417;77;0.8243966445224888;88.72050193835472;0.6022727272727273;0.49217456877913535;0.1504043701820108;137.39382749922927;88;0.8571178393659482;85.64684999780276;0.6111111111111112;0.5529901316064091;0.1294214000946552;117.50734570369977;108;0.8279563945356618;88.78460900704178;
GKD-b_17_n50_m15.txt;0.9375;0.15130622131764757;0.3124801930458583;864.1488773506604;64;0.9575080922330851;190.75259920765546;0.9781021897810219;0.2224254719459247;0.2217221199399671;415.58625854404954;274;0.8865180483555728;152.85153610920324;0.9712837837837838;0.2330359119641049;0.17449371304295483;279.7423799416308;592;0.8232529515128466;117.06592143187956;0.9326113116726835;0.251399507078127;0.14661680055107681;234.43843711063775;831;0.7892880046327722;114.06974037168898;0.7889641819941917;0.28066243520606393;0.14919179849272118;212.50639329648226;1033;0.7788837522186083;118.7383194205633;0.8890799656061908;0.2772008664223955;0.12772149518356402;200.08180818564955;1163;0.7610693675114908;113.60147107086121;0.8847926267281107;0.266725937791004;0.20336591099815796;231.8316443065877;868;0.803291161894519;120.90404599493205;0.5838805970149253;0.3168335067995428;0.08300057991471843;166.818208395032;1675;0.7277005435178953;101.5826061451231;0.5741258741258741;0.31576345280620377;0.11033576036687559;182.37465080869856;1430;0.7481472365496254;118.73400864352637;0.49254698639014904;0.32486822062369336;0.08010375556175553;174.0939618260088;1543;0.7253225293287809;94.63379538393718;
GKD-b_1_n25_m2.txt;
GKD-b_24_n100_m10.txt;0.9552238805970149;0.32848157214879886;0.2539184690172368;1075.0308240406036;67;0.9667010524877525;192.96138069693595;0.9795918367346939;0.35350536544146255;0.21986301308944545;892.8913409814701;98;0.9605190792298125;179.6900996248093;0.961038961038961;0.42689542856776935;0.1402810066508477;590.4860707050425;231;0.9267863134361671;176.67701506825094;0.9090909090909091;0.48255543216790975;0.12634016636028425;455.17215245353583;374;0.8826376971491195;176.2115361178338;0.9104938271604939;0.4874157141175371;0.12448826874354596;497.75084856376407;324;0.9094814232609466;174.6015140594625;0.7656903765690377;0.5412981394647786;0.09088138444356886;410.5085500498474;478;0.8872830882968649;171.64285319262754;0.8534031413612565;0.4992001941147256;0.10648708265098082;449.37199713386923;382;0.8827877901643754;173.50088250244778;0.7710843373493976;0.5377061185238226;0.09666780733148098;339.52591207859115;664;0.8428545467899928;169.49690011663762;0.8293963254593176;0.5085254037127953;0.10866633214451152;459.7414406207718;381;0.8930657374515476;171.99525613655038;0.562610229276896;0.5665312953889211;0.0827747015433366;378.5459829947265;567;0.8788990027728307;166.6400479043709;
GKD-b_30_n100_m30.txt;0.9719101123595506;0.3062379656658748;0.29644595637198823;3732.04139765018;178;0.9747003056447109;488.7599412400055;0.9954819277108434;0.33556539483356657;0.2144723784618102;1945.0262240010663;664;0.9316816520397586;361.9321244362824;0.9881773399014778;0.41834776018707676;0.14121001482442558;1585.35924315059;1015;0.9063205959955268;370.1698059012264;0.9804832713754646;0.43814314693194023;0.12078651613120667;1540.3259178430817;1076;0.8942174750871008;361.0319792661641;0.9734422880490297;0.4380015418743047;0.12078651613120667;1624.4065276062636;979;0.9174031695452999;359.7760592869109;0.964731814842028;0.4527101695487183;0.12078651613120667;1375.291415910018;1361;0.8883092151796173;357.2155272278991;0.755338904363974;0.49945888322323523;0.1107163762489047;1091.5312854180736;2154;0.8593986403460888;295.1146625165849;0.7872941176470588;0.46889457636819887;0.11863389162640608;1099.0269085418977;2125;0.8657810659705565;309.6409071550405;0.2992220227408737;0.5229114046586618;0.10830536227326112;1256.2424673443754;1671;0.8886407990104177;350.5867342187467;0.6723076923076923;0.5035392362116057;0.10622406917647031;1142.7593301698757;1950;0.8645353698795487;301.571173206652;
GKD-b_35_n125_m12.txt;0.9411764705882353;0.2514437059442391;0.3546955359918642;1139.9570510292797;34;0.9754930205961352;150.40543885595346;0.9928571428571429;0.3140867824113785;0.2318191785952933;542.1739373549917;140;0.9086666405397098;102.32828253126954;0.9835164835164835;0.3565529986803037;0.22707785562233065;467.65543372274396;182;0.8973437863682847;97.93700255639374;0.9665551839464883;0.43450793742099275;0.18221359237776347;377.7658739258678;299;0.8708284845647866;75.7213424738207;0.9002375296912114;0.48933180041562735;0.14767606251243828;314.0249116037073;421;0.8530788467608836;91.23660107937033;0.9541108986615678;0.45144563410092675;0.1729492474285671;280.8183129037351;523;0.8121834026069653;71.42986979647478;0.9027484143763214;0.49005457785523165;0.1622664474211355;291.88528064660755;473;0.8491124024428983;76.78239704088;0.6463815789473685;0.555514933554932;0.11464743988693915;262.4130136421106;608;0.8152019793778305;77.21370869353676;0.24212271973466004;0.5854102686594027;0.09066635650037666;266.63220961384354;603;0.8224847851527807;78.78160809416075;0.745679012345679;0.5315060693310729;0.1146312072712206;323.9996697191809;405;0.8467461229977257;76.82591213182818;
GKD-b_37_n125_m37.txt;0.982532751091703;0.43243175613215423;0.1876124297332268;8021.849962258336;229;0.9831812959633024;641.164734099401;0.9938176197836167;0.485076712389857;0.1602779950495824;4833.7768351275045;647;0.9617922063718934;544.0671601929964;0.9931212381771282;0.54984518711613;0.1117817862060727;3644.490953142017;1163;0.9513495528596227;502.0664502195649;0.9801210025929127;0.5805579915597768;0.10023166596482411;3653.2071997612657;1157;0.945641523681403;507.185271861977;0.9750492449113591;0.5758379479909381;0.0904768699457204;3183.661526747694;1523;0.9345827085057956;412.6596639804284;0.9318040917544947;0.5878535235571298;0.0838452141895113;3100.960058188946;1613;0.9348878298626999;450.5815102485025;0.974223784417106;0.5291962456546704;0.11252813658352279;3003.6468624099384;1707;0.9307059012622807;535.1622565984045;0.7578163771712159;0.6187971493075223;0.07142170422749863;2769.336655018613;2015;0.924251789636651;427.2187600550255;0.540506329113924;0.6377866204914743;0.0536634428323339;2554.583831552158;2370;0.9196834982296513;394.0374786096395;0.420863309352518;0.6204848962309293;0.07865547264257211;2350.8361350622495;2780;0.8980075768533148;478.77298309225426;
GKD-b_48_n150_m45.txt;0.9962406015037594;0.3104735377873025;0.24275106158157742;4509.739199584269;798;0.9497414212991991;498.9075038515831;0.998933522929257;0.3673197629654978;0.17234849253402196;2419.3186753296513;2813;0.89576277899199;556.7632829172095;0.9955882352941177;0.4180882716549238;0.159245413808056;2016.4207433308509;4080;0.8593870555400287;463.1064566028325;0.9990942028985508;0.4266443513105335;0.13890207727175002;2236.555036429029;3312;0.8845896156840521;470.15919319901286;0.985206492705979;0.476661256725385;0.11595502810871203;1851.2846871066126;4867;0.8501492107606384;475.9599680544759;0.9832760595647193;0.4831562644773071;0.09429527912528429;1955.759151446169;4365;0.8656590183885389;486.4838759062023;0.9435497260501411;0.4602895554544605;0.10555554261582281;1664.4230195508583;6023;0.8245651685603903;532.012647455032;0.9886939571150097;0.4790477367774964;0.10422421892943423;1799.3994494658523;5130;0.8373140125989351;458.0739775536169;0.26886657101865136;0.5593462580710999;0.08007540025669274;1552.4739181767943;6970;0.8419682142114893;423.14333611856705;0.705975590426375;0.5168781135550087;0.07939744645854806;1636.535766728636;6309;0.8386151793312681;443.08302547518986;
GKD-b_8_n25_m7.txt;0.7333333333333333;0.3892588210003891;0.25412456179670423;1000.3203381741365;15;0.9808682503827649;160.45401118105664;0.896551724137931;0.46770549489263336;0.21755634657624312;717.9623475865903;29;0.9669538531373466;156.34374565378386;0.9444444444444444;0.48557720736229715;0.16652204036720475;644.4337931614604;36;0.9676187534278905;157.35535033004757;0.8461538461538461;0.5308846106139162;0.1564662562123711;469.3962805329655;65;0.9514414091688483;151.54532127617264;0.75;0.5299114352166062;0.16302504289233882;414.0774807499186;84;0.933442982025232;151.95069702851174;0.6875;0.569558359026309;0.163811431368038;475.5644633698302;64;0.9407376181523213;153.0249817874326;0.6857142857142857;0.5422739775067642;0.17441132693583747;454.6214908510469;70;0.9482658958586252;154.77893872139367;0.6494845360824743;0.577678291377438;0.15202621749983572;381.9948999204494;97;0.9450835384450915;152.61159311301833;0.6229508196721312;0.6208396965609133;0.12067760284155998;346.7149072132881;122;0.9540800115072847;148.32169458292717;0.5175438596491229;0.6038529975383977;0.14666055392790905;357.42802872228884;114;0.9585521634890957;149.65035343350974;
GKD-c_13_n500_m50.txt;0.9987191802753762;0.40964431621246694;0.16642342997888548;221.4532774267462;6246;0.8224321978927899;53.61893614385086;0.9995159059474412;0.5000066191510744;0.10378012790167024;147.03660808953614;14460;0.7289874070567345;39.55678203668101;0.999407543940491;0.499884149826986;0.10510745211070961;143.20118393389365;15191;0.7211298634453818;43.90979857716667;0.9865826290407296;0.5491544900924784;0.08678713468451782;123.81010341720834;20943;0.6938628998849826;39.54333088669883;0.9871083411593955;0.5659854364608675;0.10087477596034997;116.34724967576867;23426;0.6753256996031066;34.97858036585736;0.6094222157498088;0.6017806782547186;0.08009450083705227;108.12947112524235;27467;0.6645412711452109;36.842632057573645;0.9930305952485317;0.5499046574745348;0.08345769134499934;116.59463866831628;22814;0.6702746251454405;37.42425994161043;0.9788744225115498;0.5576777458499647;0.07461324367691007;115.67240999933279;23810;0.6776334468197682;34.65185999335971;0.33803588108351856;0.6171630008386655;0.06497062929282565;101.5534587372046;31047;0.640953413111447;29.743581712772876;0.7299955450464343;0.6134688399802485;0.059525506857908694;104.02411763988668;29181;0.6494261000230163;34.01481806007199;
GKD-c_18_n500_m50.txt;0.9957467691804351;0.4109430674606394;0.15593466542410378;223.3425652704374;6113;0.8210437707113425;51.376012423464196;0.9971169093267983;0.38977604516870373;0.1538890549713064;209.92629387149253;6937;0.8111639147369571;59.87145429604833;0.9994805194805195;0.4372706222859532;0.13059770669850043;164.2060201782556;11550;0.7642021935759417;45.21349296048667;0.9993709373034179;0.44520784447250694;0.13813964181003396;147.9893101251298;14307;0.7300939916274982;47.36975081366561;0.9981208526631041;0.49155914648507454;0.10757359059456095;136.83122670382386;17029;0.7147854492628084;39.97232399278647;0.9996918573299438;0.4371248063957788;0.1406117635203014;156.1328143664958;12981;0.7501601866095844;43.734428349991305;0.912580366567508;0.5151634428143275;0.09506171526422419;122.90995777175712;20842;0.6888054176353532;39.15079239478652;0.998891582958088;0.4613744387224837;0.11830913173416963;148.6539450482151;14435;0.7378328973477283;46.0486673067992;0.957493018926466;0.507886513270024;0.10180260186873509;127.56113111804882;19338;0.6953002019674412;45.252920965097154;0.035699630693475586;0.5739922841851901;0.0713118099921995;109.48437090933847;26807;0.6635558878452803;37.549855661415805;
GKD-c_1_n500_m50.txt;0.9986725663716814;0.38544281808281394;0.17366004841933066;262.3749340093949;4520;0.8632014782981249;54.4204195686406;0.9996558251591808;0.43365850079355905;0.12330731449475224;165.6284537179913;11622;0.7664447520147022;43.0788281872739;0.9996859690993594;0.44125808370167163;0.12298902127493616;139.9941876021367;15922;0.7122581048694127;42.689196295616114;0.9961476568976447;0.5455524778319063;0.07326571502276655;125.5141653429076;20507;0.7043983278636036;37.882445480424416;0.9985618186035723;0.509268512045905;0.08410721920563041;122.02481804537152;21555;0.6815258949148877;41.56006358362878;0.9713189996328179;0.549549537059975;0.07087420292115984;115.0846483832887;24511;0.6800307117290517;36.89316667218725;0.982724124663332;0.5456586648408933;0.07383575946137622;111.25789852600515;25990;0.6659178515386766;35.7506621734651;0.8839649057308195;0.5609365742021902;0.06969025007869804;110.03383804128731;26785;0.668501835796056;37.87270864617114;0.2632060010085729;0.6003832614827479;0.06358190975885422;100.99290625278384;31728;0.6480106301771572;34.726468268818834;0.6472115047351806;0.5828623943511491;0.07331505055173568;106.5241827784385;28510;0.6611960823575338;35.794899946490794;
MDG-a_9_n500_m50.txt;0.9966887417218543;0.1072235004005845;0.26666666666666655;159.13454191277148;1812;0.9097881133497219;28.601732932298283;0.9900833002776676;0.16544435500192076;0.22666666666666663;135.99412180263624;2521;0.8933760022832699;21.769322448934968;0.996288441145281;0.18705736995535943;0.18269637382387138;112.0388849560617;3772;0.8582657624380713;24.497265302437416;0.9954934655250113;0.18616484755333645;0.2411653245546143;103.11354306071826;4438;0.8522663310185398;21.52920037518103;0.9959582350959919;0.21833817762407035;0.1833335318760082;89.93820431306732;5938;0.8257274112285141;21.418998440635583;0.9905169776690119;0.22282414699531083;0.16074652482923707;86.14340169693872;6538;0.8172202372712645;20.29484908416493;0.9954086317722681;0.20866543919323496;0.22666666666666666;94.10617263192785;5445;0.8288138757787183;21.959734190246547;0.9249754592623756;0.25066800689672064;0.2110840230161538;82.6439944671697;7131;0.8072520734681515;19.53320110938649;0.8459621867213836;0.27379231687719974;0.1535978952584669;84.49495209679779;6823;0.814098819414867;21.5860684743506;0.08453045233289802;0.29717158199039045;0.16;76.28678248037532;8423;0.7961774250959787;20.24784153632565;
MDG-b_12_n500_m50.txt;0.9893992932862191;0.14492602902895563;0.22423314083199458;16298.451408735784;1698;0.916567120408102;2827.8575958160236;0.9978217821782178;0.146568341141393;0.20954154473707548;9529.666048668369;5050;0.8326774034810314;2569.380389220633;0.996969696969697;0.16545353035456645;0.18814687037949734;8833.40871551897;5940;0.8244234650876233;2368.58340794491;0.9976083707025412;0.15992149042141174;0.21094135041892562;8332.303704775997;6690;0.8094517028781675;2398.590334029414;0.9977095122608461;0.19565250588828326;0.16056616260203221;7943.292872096357;7422;0.7984883455576864;2237.55761643036;0.969821525148729;0.22779734672617993;0.23385904386397244;7153.864620836116;9245;0.7842985694620641;2066.1973668637534;0.9243573535608934;0.224733739137978;0.2632386936797991;7046.763893380531;9492;0.7802362758382979;1383.747207734955;0.9927023440955329;0.19885550823832973;0.28334554687419355;7206.027897220862;9044;0.7856587718511802;2013.3871716802962;0.6244266570734778;0.2611163126560011;0.15482841181165197;6573.908188881864;11119;0.7651914589799823;2026.1018437656198;0.1757099976910644;0.2820781239457687;0.23003942828979795;6061.497702383584;12993;0.744054109825111;1788.9073877902663;
SOM-a_18_n50_m15.txt;0.9285714285714286;0.016780710329097424;0.6666666666666667;156.9288255619268;14;0.9799769663785642;13.69681045871891;1.0;0.0032258064516129037;0.7333333333333334;140.908275238428;17;0.9839886690210987;13.780367643304064;1.0;0.022026718800912348;0.6666666666666667;112.3498352604184;26;0.9588926858858207;11.699974969166329;0.9;0.011453242098403387;0.7333333333333334;131.43375264334284;20;0.9707948758006354;10.808751189599306;0.9615384615384616;0.1567611599869665;0.3333333333333333;118.57609733579208;26;0.9744988295689891;10.702002169380034;0.9130434782608695;0.1156728576083415;0.39999999999999997;119.09632168606802;23;0.9726845497322955;8.707458851973358;0.7142857142857143;0.20598729227761486;0.3333333333333333;129.1583074723043;21;0.9804564685771437;9.704448547761748;0.75;0.2532502443792767;0.25806451612903225;112.82088620622737;28;0.974121138613773;11.797692335222882;0.5238095238095238;0.26655262300423593;0.3333333333333333;131.81643749890824;21;0.9791355014031161;11.699974969166329;0.8536585365853658;0.2558162267839687;0.3333333333333333;93.06929926366757;41;0.9754829392896933;8.707458851973358;
SOM-a_28_n100_m30.txt;
SOM-a_33_n125_m12.txt;1.0;0.12293169035450072;0.4347826086956522;92.65798401350496;20;0.9585660101225527;9.369737491906367;0.9230769230769231;0.16985032711770792;0.3333333333333333;120.61788760848555;13;0.9838875134740372;11.757020701706502;1.0;0.13241071359113793;0.4444444444444444;81.32715778544019;26;0.9741803237643266;8.080471922710737;0.95;0.18206764840875328;0.3333333333333333;93.7852917611408;20;0.9616168470839386;8.080471922710737;0.75;0.35048464763860687;0.3333333333333333;104.72478263728712;16;0.9728849396740535;7.564508533633136;0.9583333333333334;0.23858588687406168;0.3333333333333333;87.34183890630744;24;0.9660290374196877;8.080471922710737;0.8918918918918919;0.3524100134581126;0.3333333333333333;68.98615475588328;37;0.9548304550292306;9.032150745303879;0.9183673469387755;0.31399799295199426;0.3333333333333333;59.526556485624916;49;0.9462658461614711;4.921824992938435;0.8235294117647058;0.3074206321423293;0.3333333333333333;103.08425875314418;17;0.9778552688761504;5.874420796702975;0.8695652173913043;0.35596124374742316;0.3333333333333333;91.46168337426774;23;0.9854320984467307;7.815389296531637;
SOM-a_49_n150_m45.txt;
SOM-a_5_n25_m2.txt;
SOM-b_11_n300_m90.txt;
SOM-b_14_n400_m80.txt;
SOM-b_2_n100_m20.txt;0.9230769230769231;0.15361565019567755;0.33484162895927594;280.0885829347268;13;0.9911809632324434;16.756320508627276;0.9375;0.12182744296287389;0.4117647058823529;254.7403850901166;16;0.9859302749518265;15.836901127932515;0.967741935483871;0.20156667318090027;0.3333333333333333;190.68221820669729;31;0.9719875543504818;16.756320508627276;1.0;0.2641484142852133;0.3333333333333333;188.62110834016647;33;0.9765853821214239;16.756320508627276;0.8461538461538461;0.24571877051357213;0.3333333333333333;300.68741347617015;13;0.995166144305483;11.764426405971232;0.7058823529411765;0.3023468779282733;0.3333333333333333;185.33882726169605;34;0.9781459806060406;15.757529355099836;0.8958333333333334;0.34085727314181496;0.30357142857142855;157.21708904560253;48;0.9699382592769054;9.897556350971676;0.5294117647058824;0.35499378642333496;0.3333333333333333;187.78146011040522;34;0.982750210181838;12.762295803562779;0.6;0.23250552457118812;0.3333333333333333;153.22196794608195;50;0.9750974777877199;10.766953937184649;0.8636363636363636;0.30384139344467676;0.3333333333333333;167.27001474033003;44;0.9852966641273434;11.764426405971232;
SOM-b_8_n200_m80.txt;
